CatalogTypeName,CatalogBrandName,Description,Name,Price,PictureFileName,availablestock,onreorder
T-Shirt,.NET,".NET Bot Black Hoodie, and more",.NET Bot Black Hoodie,19.5,1.png,100,false
Mug,.NET,.NET Black & White Mug,.NET Black & White Mug,8.50,2.png,89,true
T-Shirt,Other,Prism White T-Shirt,Prism White T-Shirt,12,3.png,56,false
T-Shirt,.NET,.NET Foundation T-shirt,.NET Foundation T-shirt,12,4.png,120,false
Pin,Other,Roslyn Red Pin,Roslyn Red Pin,8.5,5.png,55,false
T-Shirt,.NET,.NET Blue Hoodie,.NET Blue Hoodie,12,6.png,17,false
T-Shirt,Other,Roslyn Red T-Shirt,Roslyn Red T-Shirt,12,7.png,8,false
T-Shirt,Other,Kudu Purple Hoodie,Kudu Purple Hoodie,8.5,8.png,34,false
Mug,Other,Cup<T> White Mug,Cup<T> White Mug,12,9.png,76,false
Pin,.NET,.NET Foundation Pin,.NET Foundation Pin,12,10.png,11,false
Pin,.NET,Cup<T> Pin,Cup<T> Pin,8.5,11.png,3,false
T-Shirt,Other,Prism White TShirt,Prism White TShirt,12,12.png,0,false
Mug,.NET,Modern .NET Black & White Mug,Modern .NET Black & White Mug,8.50,13.png,89,true
Mug,Other,Modern Cup<T> White Mug,Modern Cup<T> White Mug,12,14.png,76,false
